kernel,mode,compiler,compiler_ver,flags,threads,device,nx,ny,nz,reps,warm,ms_per_step,git_hash,host,timestamp
continuity_layered,dc_gpu_acc,/home/jorge/install/nvhpc/26.5//Linux_x86_64/26.5/compilers/bin/nvfortran,"","-Mfree -Mbackslash -O3 -fast -I../common -DMODEL_NZ_STACK_MAX=128 -DWITH_CUDA -stdpar=gpu -acc=gpu -gpu=cc70,mem:separate -gpu=tripcount:host -DDC_DATA_ACC",1,"Tesla V100-DGXS-32GB",160,100,30,50,10,0.3254,7ea6c27,Big-Chungus,20260724_010548
redi,dc_gpu_acc,/home/jorge/install/nvhpc/26.5//Linux_x86_64/26.5/compilers/bin/nvfortran,"","-Mfree -Mbackslash -O3 -fast -I../common -DMODEL_NZ_STACK_MAX=128 -DWITH_CUDA -stdpar=gpu -acc=gpu -gpu=cc70,mem:separate -gpu=tripcount:host -DDC_DATA_ACC",1,"Tesla V100-DGXS-32GB",160,100,30,50,10,6.3286,7ea6c27,Big-Chungus,20260724_010548
kappa_shear,dc_gpu_acc,/home/jorge/install/nvhpc/26.5//Linux_x86_64/26.5/compilers/bin/nvfortran,"","-Mfree -Mbackslash -O3 -fast -I../common -DMODEL_NZ_STACK_MAX=128 -DWITH_CUDA -stdpar=gpu -acc=gpu -gpu=cc70,mem:separate -gpu=tripcount:host -DDC_DATA_ACC",1,"Tesla V100-DGXS-32GB",160,100,30,50,10,5.8998,7ea6c27,Big-Chungus,20260724_010548
ale_remap,dc_gpu_acc,/home/jorge/install/nvhpc/26.5//Linux_x86_64/26.5/compilers/bin/nvfortran,"","-Mfree -Mbackslash -O3 -fast -I../common -DMODEL_NZ_STACK_MAX=128 -DWITH_CUDA -stdpar=gpu -acc=gpu -gpu=cc70,mem:separate -gpu=tripcount:host -DDC_DATA_ACC",1,"Tesla V100-DGXS-32GB",160,100,30,50,10,1.6610,7ea6c27,Big-Chungus,20260724_010548
btstep,dc_gpu_acc,/home/jorge/install/nvhpc/26.5//Linux_x86_64/26.5/compilers/bin/nvfortran,"","-Mfree -Mbackslash -O3 -fast -I../common -DMODEL_NZ_STACK_MAX=128 -DWITH_CUDA -stdpar=gpu -acc=gpu -gpu=cc70,mem:separate -gpu=tripcount:host -DDC_DATA_ACC",1,"Tesla V100-DGXS-32GB",160,100,30,50,10,2.1357,7ea6c27,Big-Chungus,20260724_010548
epbl,dc_gpu_acc,/home/jorge/install/nvhpc/26.5//Linux_x86_64/26.5/compilers/bin/nvfortran,"","-Mfree -Mbackslash -O3 -fast -I../common -DMODEL_NZ_STACK_MAX=128 -DWITH_CUDA -stdpar=gpu -acc=gpu -gpu=cc70,mem:separate -gpu=tripcount:host -DDC_DATA_ACC",1,"Tesla V100-DGXS-32GB",160,100,30,50,10,2.3012,7ea6c27,Big-Chungus,20260724_010548
meke,dc_gpu_acc,/home/jorge/install/nvhpc/26.5//Linux_x86_64/26.5/compilers/bin/nvfortran,"","-Mfree -Mbackslash -O3 -fast -I../common -DMODEL_NZ_STACK_MAX=128 -DWITH_CUDA -stdpar=gpu -acc=gpu -gpu=cc70,mem:separate -gpu=tripcount:host -DDC_DATA_ACC",1,"Tesla V100-DGXS-32GB",160,100,30,50,10,0.2268,7ea6c27,Big-Chungus,20260724_010548
hvisc,dc_gpu_acc,/home/jorge/install/nvhpc/26.5//Linux_x86_64/26.5/compilers/bin/nvfortran,"","-Mfree -Mbackslash -O3 -fast -I../common -DMODEL_NZ_STACK_MAX=128 -DWITH_CUDA -stdpar=gpu -acc=gpu -gpu=cc70,mem:separate -gpu=tripcount:host -DDC_DATA_ACC",1,"Tesla V100-DGXS-32GB",160,100,30,50,10,0.2480,7ea6c27,Big-Chungus,20260724_010548
hll_fluxes,dc_gpu_acc,/home/jorge/install/nvhpc/26.5//Linux_x86_64/26.5/compilers/bin/nvfortran,"","-Mfree -Mbackslash -O3 -fast -I../common -DMODEL_NZ_STACK_MAX=128 -DWITH_CUDA -stdpar=gpu -acc=gpu -gpu=cc70,mem:separate -gpu=tripcount:host -DDC_DATA_ACC",1,"Tesla V100-DGXS-32GB",160,100,30,50,10,0.0446,7ea6c27,Big-Chungus,20260724_010548
